name,industry,city,postal_code,address,website_url,phone,source_ref
Stadt Krefeld,Dienstleister,Krefeld,47798,,https://www.krefeld.de,,https://www.krefeld.de
IHK Mittlerer Niederrhein,Dienstleister,Krefeld,47798,,https://www.ihk-krefeld.de,,https://www.ihk-krefeld.de
Hochschule Niederrhein,Dienstleister,Krefeld,47805,,https://www.hs-niederrhein.de,,https://www.hs-niederrhein.de
SWK AG,Dienstleister,Krefeld,47798,,https://www.swk.de,,https://www.swk.de
ZAK Krefeld,Dienstleister,Krefeld,47798,,https://www.zak-krefeld.de,,https://www.zak-krefeld.de
